TCN Classifier,FF Classifier
0.4760810810810811,0.35466983938132063
0.5463709677419355,0.46231389578163773
0.6940996582119087,0.6001529051987767
