TCN Classifier,FF Classifier,Score
0.115194611,0.346156384,Precision
0.023820948,0.243595895,Recall
0.663388455,0.646726208,Accuracy
0.039478241,0.285958282,F1