TCN Classifier,FF Classifier
0.07366670061445497,0.4531503747076089
0.03358769173618958,0.470769421270141
0.5967080039014918,0.6813362160024092
