TCN Classifier,FF Classifier
0.5014675667742883,0.3357487922705314
0.5299317617866005,0.34491315136476425
0.710919230077352,0.612160460514481
